driverId,name,ssn,location,certified,wage-plan
10,Brian Davis,040-31-0519,"PSC 8722, Box 9492
APO AE 54236",Y,miles
11,Krystal Price,572-03-7914,"USS White
FPO AE 70401",N,miles
12,Tonya Bailey,353-02-2034,"0351 Sheila Grove
East Marissa, PA 18051",Y,hours
13,Mandy Rogers,328-95-1651,"9644 Monica Mills Apt. 620
Feliciahaven, LA 23996",Y,miles
14,Joseph Valencia,490-49-6148,"6847 Soto Fields Suite 900
South Jonathanport, DC 49796",N,miles
15,Mary Myers,713-15-3682,"8064 Brian Springs
Port Melanie, VA 42270",N,hours
16,Alexandra Donovan,294-59-8617,"8192 Schneider Ways Suite 155
West Diana, VI 84335",N,hours
17,Isaiah Nelson,429-16-0997,"161 Lisa Radial Suite 602
Port Gloria, MO 70842",Y,miles
18,Andrew Harris,426-02-8253,"145 Shaw Corner
Jennaton, OH 40437",Y,hours
19,George Davis,353-21-2887,"665 Joy Prairie
Annashire, NE 97814",Y,hours
20,David Valdez,612-75-3164,"1988 Campbell Stravenue Apt. 491
Whitneyshire, NY 35253",Y,miles
21,Eugene Turner,786-39-4367,"44383 Eric Trace Apt. 680
Lake Larry, MD 01074",Y,hours
22,Mark Mitchell,440-97-9269,"98285 Mark Islands Suite 229
Joshuaport, AL 39790",N,hours
23,Tiffany Walter,165-92-9214,"75687 Chavez Dam Suite 604
Sandraview, KS 16197",Y,miles
24,Thomas Johnson,482-32-4900,"183 Megan Wall Suite 940
North James, MP 89530",N,hours
25,Regina Foley,886-10-1273,"095 Thomas Villages Apt. 613
South Courtneyborough, SD 72649",N,miles
26,Cynthia Gross,628-16-0661,"USS Flores
FPO AE 70951",N,miles
27,Michael Cooke,060-70-8381,"33666 Cole Walks
Johnmouth, WI 52953",Y,miles
28,Rodney Spencer,343-15-1393,"82200 Derek Crest Apt. 638
Cindyfort, NJ 74531",N,hours
29,Tiffany Hopkins,270-03-5605,"0570 Morris Island Apt. 997
New Alfredfort, AS 32381",Y,hours
30,Stephen Peterson,083-63-1970,"45223 Monica Ferry Suite 146
Lake Aaronhaven, RI 61537",Y,hours
31,Amanda Wilson,322-19-5362,"3311 Antonio Drives Apt. 100
East Danamouth, LA 21523",Y,miles
32,Anthony West,674-86-4032,"8242 Wendy Stream
Lake Jessica, MI 36236",N,hours
33,Richard Nolan,665-21-6851,"Unit 5392 Box 6898
DPO AA 42377",Y,hours
34,Jennifer Jennings,217-16-5812,"22739 Jones Route Apt. 520
Wendyton, WV 88985",Y,miles
35,Heather Lozano,132-34-3237,"586 Sanders Flats Apt. 900
Michellechester, NC 58259",N,miles
36,Mariah Ross,356-67-7251,"324 Kara Rapid
Dodsonport, AL 93744",Y,hours
37,Brian Duncan,456-59-9448,"314 Anthony Centers Suite 753
Elizabethhaven, MO 64483",Y,hours
38,Susan Jones,653-38-2300,"142 Sanchez Crest Apt. 064
New Anthony, RI 98371",Y,hours
39,Matthew Gardner,887-17-3143,"4392 Howell Mountain Suite 182
South Tammyhaven, NC 04304",N,miles
40,Jeffrey Smith,598-84-5044,"PSC 1358, Box 4211
APO AA 30628",Y,hours
41,Amy Contreras,374-92-9801,"9274 Woods Rapids
East Davidfurt, KS 33063",N,hours
42,Nicolas Pierce,088-31-3873,"13150 Alicia Turnpike Apt. 892
Luishaven, OK 78483",Y,miles
43,Diana Conrad,259-53-0013,"93689 Karen Cove
Port Jeffreymouth, WA 90198",Y,hours
44,Janice Larson,692-38-9122,"6002 Meyer Well Suite 513
Jenniferhaven, PA 88766",N,hours
45,Monique Stanton,453-90-8866,"492 Barbara Island
Fernandoborough, WY 01507",N,hours
46,Mary Jordan,537-17-6732,"7156 Victor Circle
Martinezbury, CO 10493",N,miles
47,Vanessa Lawson,563-09-2599,"3072 Melissa Dale Suite 449
North Jenniferhaven, OH 43918",Y,hours
48,Miguel Cox,637-25-4425,"2990 Anderson Crest
Erinborough, UT 84136",Y,hours
49,Jon Warren,665-66-2609,"842 Lucas Trail Suite 357
Obrienbury, WV 46366",N,hours
50,Shaun Reed,531-16-5002,"4110 Davis Glens Apt. 735
Bauerside, LA 21190",Y,hours
51,Douglas Saunders,450-87-6546,"3499 Hannah Harbors
North Madison, VT 24025",N,hours
52,Ashley Turner,607-66-4486,"431 Green Causeway Apt. 827
New Tanya, MT 08524",Y,miles
53,Brian Wall,163-62-3226,"38732 Richard Pass
Port Darin, CT 66243",N,hours
54,Kelsey White,184-56-4657,"94051 Deborah Mountain Apt. 573
South Coreyland, NH 24391",Y,miles
55,John Reed,424-46-7760,"091 Travis Squares
New Danielview, KY 66124",Y,miles
56,Peter Middleton,830-26-6317,"03753 Harris Loaf
South Christopher, CT 80132",Y,miles
57,Candace Cox,417-53-9747,"4858 Jonathan Meadows Suite 855
Beckfort, KY 89311",N,hours
58,Jacqueline Briggs,553-68-1467,"1048 Kristen Trail
Lake Lindaburgh, HI 25259",N,hours
59,Ronnie Chambers,842-84-5813,"428 Hutchinson Greens
Jeffreyborough, HI 86042",N,miles
60,Paul Bradley,140-23-6195,"6460 Melissa Light
Hendricksland, VA 46172",Y,hours
61,Shannon Campbell,030-36-7518,"8952 Castillo Isle
North Laurahaven, NC 33627",Y,miles
62,Robert Cooke,736-30-0081,"262 Kirby Forks Apt. 878
Lake Sarah, MA 46406",N,hours
63,Todd Zuniga,731-93-3845,"3910 Elizabeth Gateway Suite 051
New Sonya, MS 37037",N,hours
64,Elizabeth Valdez,275-88-2385,"02564 Reid Island Suite 904
New Robin, NC 32906",Y,hours
65,Kristin Wells,758-88-1168,"322 Erika Crossing Suite 937
Ianhaven, DE 45447",Y,hours
66,Colton Graham,584-05-7589,"1950 Lane Manors
Hillport, MI 81413",Y,hours
67,Larry Martin,637-27-8288,"4714 Mary Roads Suite 429
Andersenview, CT 36742",N,hours
68,Brandon James,404-61-0629,"10943 Hernandez Lane Suite 916
Keithchester, WA 22956",N,hours
69,Cynthia Jackson,369-71-2291,"8093 Tiffany Mission Apt. 689
Raybury, WA 26059",Y,miles
70,David Doyle,009-36-1923,"45373 Gary Motorway Apt. 438
Oliverhaven, AS 27251",N,hours
71,Dana Smith,273-62-4931,"Unit 2848 Box 4769
DPO AE 88381",Y,miles
72,George Moore,554-74-6683,"9404 Melissa Rapids
Kevinton, AS 17772",Y,hours
73,Kelly Evans,194-32-8953,"927 Flores Fort
Priscillaville, KY 15066",N,hours
74,Katie Lee,674-13-1899,"Unit 2129 Box 9900
DPO AA 83286",Y,miles
75,Courtney Barnett,208-08-3294,"5223 James Plaza
New William, SD 18946",N,miles
76,Christopher Johnson,537-29-4015,"831 Smith Prairie
Angelamouth, NY 12189",Y,miles
77,Lacey Lewis,160-89-6656,"16962 Newton Lakes Apt. 770
Kelleyhaven, MA 68185",Y,miles
78,Hannah Burton,363-86-7621,"65845 Wright Union Apt. 505
Port Angelstad, MS 36963",Y,miles
79,Jose Scott,103-25-4196,"Unit 0979 Box 1554
DPO AA 58264",Y,miles
80,Brian Vincent,446-87-4991,"441 Velasquez Haven
East Sherryton, MI 74603",N,hours
81,Andrea Butler,695-31-9427,"1167 Elizabeth Rest
Lake Rachel, WV 81768",Y,miles
82,Katelyn Hansen,570-23-3916,"9442 Webster Squares Apt. 655
Danielburgh, AZ 04241",Y,miles
83,Brian Humphrey,325-18-0287,"1395 Ross Hollow
New Bryanburgh, NH 65991",Y,miles
84,Brandy Todd,493-34-8324,"790 Matthews Manor
Andreaton, OR 98575",N,hours
85,Cody Maxwell,036-40-7829,"PSC 5921, Box 8326
APO AA 39099",N,hours
86,Jessica Coleman,171-60-7191,"1389 Traci Tunnel
Nicholsmouth, MH 58383",Y,hours
87,Jeremy Edwards,272-93-1933,"26708 Scott Prairie
East Shawnbury, SC 70916",Y,hours
88,Jonathan Ramos,357-67-3398,"8471 Daniel Mall Apt. 966
Robinsonhaven, PA 49125",Y,miles
89,Patrick Hunt,658-20-7669,"99168 Bell Pass Suite 534
Calebtown, NY 71338",N,hours
90,Joseph Webb,443-46-4100,"PSC 7208, Box 6010
APO AP 47908",Y,miles
91,Wayne Woodward,304-07-1919,"436 Cindy Corners
Henryfurt, MP 49058",N,miles
92,Sheila Zavala,745-62-1988,"59741 Bruce Ramp
New John, VA 89163",N,miles
93,Mr. Gary Anderson,589-81-6053,"31082 Christopher Ville Apt. 170
Jeremychester, TN 47395",Y,hours
94,Patrick Carter,067-21-0457,"05554 David Overpass Apt. 211
South Aprilfort, ID 80613",Y,miles
95,Ann Williams,409-03-9979,"035 Terrell Circles
North Kelsey, VA 81594",Y,miles
96,Natasha Tran,317-01-5448,"79276 Cathy Wall
Greenemouth, OK 71399",N,miles
97,Miguel Levine,085-58-6412,"5767 Jasmine Lane
West Nicole, ME 88778",Y,hours
98,Felicia Mcdonald,395-38-1887,"921 Tina Squares
Turnertown, IL 53077",Y,miles
99,Mark Smith,244-89-9702,"USS Luna
FPO AA 17287",N,miles
100,Rhonda Reeves,603-18-5393,"72358 Palmer Roads Apt. 099
Kathleenfurt, AR 25601",Y,hours
101,Jessica Doyle MD,442-34-9050,"USNS Johnson
FPO AE 54426",Y,miles
102,Rebecca Rosario,052-19-2347,"25710 Amber Fork Apt. 833
Hillbury, RI 29562",N,hours
103,Jeffrey Carter,231-63-1577,"6553 Barber Isle Apt. 208
Gonzalezshire, VA 47606",N,miles
104,Shawna Kim,749-08-6988,"7516 Miranda Mountains
West Tylerchester, MH 70444",Y,miles
105,Colin Gonzalez MD,574-71-8363,"Unit 1972 Box 3790
DPO AA 81818",Y,miles
106,Thomas Simmons,168-03-7053,"6995 Hall Brooks
Port Phyllisville, MP 32467",Y,hours
107,Timothy Perkins,639-70-7805,"708 Adkins Mountains Suite 457
Lake Destiny, NY 83072",Y,hours
108,Krystal Marshall,075-56-1378,"1008 Garrison Views
Jamesberg, DE 16405",Y,miles
109,Amanda Sawyer,624-12-9209,"0471 Murray Mountain Apt. 238
Port Andrew, ID 43705",N,hours
